State,District,Subdistt,Town/Village,Ward,EB,Level,Name,TRU,Area (in ha),TOT_P,Urb_Under_MC/VP,Class,VP/MC,VP Area,VP Population,Forest Area (in Hectares),Area under Non-Agricultural Uses (in Hectares),Barren & Un-cultivable Land Area (in Hectares),Permanent Pastures and Other Grazing Land Area (in Hectares),Land Under Miscellaneous Tree Crops etc. Area (in Hectares),Culturable Waste Land Area (in Hectares),Fallows Land other than Current Fallows Area (in Hectares),Current Fallows Area (in Hectares),Net Area Sown (in Hectares),Total Unirrigated Land Area (in Hectares),Area Irrigated by Source (in Hectares),Canals Area (in Hectares),Wells/Tube Wells Area (in Hectares),Tanks/Lakes Area (in Hectares),Waterfall Area (in Hectares),Other Source (specify) Area (in Hectares)
30,585,5614,626847,0,0,VILLAGE,Adcolna,Rural,371,1688,,D,Boma-Adcolna,765.6,4495,0,0,0,0,0,112.75,146.55,0,111.7,75.5,36.2,0,0,36.2,0,0
30,586,5617,626948,0,0,VILLAGE,Adnem,Rural,960,1657,,D,Bali,3895,7415,213.4,85,0,0,0,401.6,0,0,260,240,20,0,5,0,5,10
30,586,5616,626906,0,0,VILLAGE,Adsulim,Rural,20,214,,D,Cana,1083,12627,0,0.5,0,0,0,2.1,0,0,17.4,17.4,0,0,0,0,0,0
30,585,5613,626825,0,0,VILLAGE,Advoi,Rural,575.47,609,,D,Birondem,2016.11,4101,0,6.5,37.46,0,269.77,205.3,2,10.2,44.24,37.9,6.34,6.34,0,0,0,0
30,585,5612,626745,0,0,VILLAGE,Adwalpale,Rural,637.35,1412,,D,Adwalpale,637.35,1412,0,20,110.35,15,47,26,31,19,369,307,62,43.5,5,13.5,0,0
30,585,5609,626657,0,0,VILLAGE,Agarvado,Rural,267.55,1478,,D,Agarwado-Chopdem,483.41,2452,0,150.44,0,0,0,7.29,0,0,109.82,109.82,0,0,0,0,0,0
30,586,5618,626973,0,0,VILLAGE,Aglote,Rural,1645,1772,,D,Sancordem,10182,4114,765.2,150.02,0,0,0,413.98,0,0,315.8,300,15.8,0,5.3,0,0,10.5
30,586,5619,627023,0,0,VILLAGE,Agonda,Rural,1480,3801,,C,Agonda,1480,3801,266,410,20,0,0,448,16,10,310,302,8,0,0,3,0,5
30,585,5609,626649,0,0,VILLAGE,Alorna,Rural,2185.54,2651,,C,Alorna,2185.54,2651,396.4,140.61,0,0,0,724.5,0,0,924.03,906.13,17.9,0,0,0,0,17.9
30,585,5611,626705,0,0,VILLAGE,Ambarim,Rural,13.88,93,,D,Chodan- Madel,1535.78,5563,0,3,0,0,0,5,0,0,5.88,5.88,0,0,0,0,0,0
30,586,5617,626947,0,0,VILLAGE,Ambaulim,Rural,642,2987,,C,Ambaulim,642,2987,0,37.3,0,0,160.7,0,0,0,444,290,154,50,0,50,0,54
30,585,5613,626803,0,0,VILLAGE,Ambedem,Rural,125.27,272,,D,Nagargaon,10172.57,4652,0,0.75,1.39,0,1.1,1.75,4.88,5.88,109.52,90,19.52,10.52,6.55,0,0,2.45
30,585,5613,626839,0,0,VILLAGE,Ambeli,Rural,194.96,104,,D,Cotorem,3993.35,4102,18.35,1.32,33.76,0,3.1,28.63,18.68,18.68,72.44,62.34,10.1,8.95,0.58,0,0,0.57
30,586,5616,626922,0,0,VILLAGE,Ambelim,Rural,389,2853,,C,Ambelim,389,2853,0,88.7,0,0,0,26.3,0,0,274,263.2,10.8,0,0,0,0,10.8
30,585,5609,626643,0,0,VILLAGE,Amberem,Rural,204.07,341,,D,Amberem,509.24,1335,0,69.45,0,0,0,43.04,0,0,91.58,86.22,5.36,0,0,0,0,5.36
30,585,5612,626758,0,0,VILLAGE,Amone,Rural,734.06,2963,,C,Amone,734.06,2963,0,111,200.46,26,16,70.7,25,9,275.9,262.1,13.8,0,2.8,0,0,11
30,586,5619,627029,0,0,VILLAGE,Anjadip,Rural,33.8,0,,D,Loliem- Polem,4165,4797,0,30.7,0,0,0,0,0,0,3.1,3.1,0,0,0,0,0,0
30,585,5613,626770,0,0,VILLAGE,Anjunem,Rural,227.12,0,,D,Querim,4147.5,5713,0,0,0,0,0,0,0,0,0,0,0,0,0,0,0,0
30,585,5613,626814,0,0,VILLAGE,Ansolem,Rural,167.14,186,,D,Birondem,2016.11,4101,15.8,2.4,9.32,0,75.27,45.97,0.04,8.5,9.84,9.84,0,0,0,0,0,0
30,586,5618,626986,0,0,VILLAGE,Antoriem,Rural,232,0,,D,Sanvordem(CT),2558,7804,77.9,41,0,0,0,39.1,0,0,74,72,2,0,0,0,0,2
30,586,5615,626884,0,0,VILLAGE,Arossim,Rural,340.01,1721,,D,Cansaulim,996,5717,0,115.01,0,0,0,16,8,0,201,183,18,0,18,0,0,0
30,585,5610,626673,0,0,VILLAGE,Arpora,Rural,422.84,3255,,C,"Arpora,",577.41,4710,0,9.94,131.08,0,0,0,5.55,1.2,275.07,275.07,0,0,0,0,0,0
30,585,5610,626672,0,0,VILLAGE,Assagao,Rural,1072.8,4367,,C,Assagao,1072.8,4367,0,85.48,108.13,0,725.92,0,38.6,0,114.67,114.67,0,0,0,0,0,0
30,585,5613,626836,0,0,VILLAGE,Assodem,Rural,497.05,120,,D,Cotorem,3993.35,4102,412.96,3.05,6.41,0,6.08,8.55,7.01,11,41.99,41.17,0.82,0,0.82,0,0,0
30,586,5617,626934,0,0,VILLAGE,Assolda,Rural,330,1257,,D,Assolda,740,3676,0,50,0,0,0,140,0,0,140,90,50,30,0,0,0,20
30,586,5616,626919,0,0,VILLAGE,Assolna,Rural,458,3410,,C,Assolna,458,3410,0,174.5,0,0,0,1.4,0,0,282.1,231.4,50.7,0,0,0,0,50.7
30,585,5610,626668,0,0,VILLAGE,Assonora,Rural,368.82,3870,,C,Moitem,457.34,4730,0,3.95,18.63,0,0,86.74,0,0,259.5,257.56,1.94,0,0,1.94,0,0
30,585,5612,626754,0,0,VILLAGE,Aturli,Rural,67.94,467,,D,Maem,2239.82,8717,0,0,6.37,2.17,2,3.4,0,0,54,40,14,0,0,0,0,14
30,586,5617,626939,0,0,VILLAGE,Avedem,Rural,227,1650,,D,Avedem-Cotombi,580,2898,0,22.9,0,0,0,36.9,0,0,167.2,129.2,38,20,8,0,0,10
30,585,5611,626719,0,0,VILLAGE,Azossim,Rural,329.84,1142,,D,Azossim - Mandur,535.06,4255,0,22.73,0,0,0,16.04,0,0,291.07,291.07,0,0,0,0,0,0
30,585,5611,626715,0,0,VILLAGE,Bainguinim,Rural,293.94,1501,,D,Se-Old Goa,928.4,7853,0,81,0,0,0,1.82,0,0,211.12,211.12,0,0,0,0,0,0
30,586,5617,626949,0,0,VILLAGE,Bali,Rural,927,2944,,C,Bali,3895,7415,0,66.2,0,0,0,446.8,0,0,414,410,4,0,2,0,0,2
30,586,5618,626984,0,0,VILLAGE,Bandoli,Rural,796,1060,,D,Kirlapol-Dabal,4910,6307,72,64.2,0,0,0,254.26,0,0,405.54,400.04,5.5,0,3.2,0,0,2.3
30,586,5617,626961,0,0,VILLAGE,Barcem,Rural,1723,2685,,C,Barcem,5840,4437,300.8,550.2,0,0,0,180,0,0,692,670.8,21.2,0,6.2,0,5,10
30,585,5610,626678,0,0,VILLAGE,Bastora,Rural,322.21,3943,,C,"Verla,",322.21,3943,25.25,26.81,34.31,0,37.56,0,114.91,0,83.37,82.75,0.62,0,0.62,0,0,0
30,586,5618,627006,0,0,VILLAGE,Bati,Rural,2996,1933,,D,Bati,12894,3283,2083,169.6,0,0,263.4,0,0,0,480,440,40,0,8,0,0,32
30,585,5611,626722,0,0,VILLAGE,Batim,Rural,275.52,1489,,D,Batim,576.28,2008,0,100.01,0,0,1,6,2.42,0,166.09,166.09,0,0,0,0,0,0
30,586,5617,626955,0,0,VILLAGE,Bendordem,Rural,519,609,,D,Bali,3895,7415,26.9,28.4,0,0,0,254.4,0,0,209.3,207.3,2,0,0.5,0,1.5,0
30,586,5616,626895,0,0,VILLAGE,Betalbatim,Rural,447,3551,,C,Betalbatim,494,3773,0,47.6,0,0,0,4.1,0,0,395.3,358.4,36.9,0,0,0,0,36.9
30,585,5614,626859,0,0,VILLAGE,Betora,Rural,1414.29,6133,,B,Betora-Nirancal-Conxem-Codar,4567.06,8824,359,0,0,0,0,307.26,25.87,722.16,0,0,0,0,0,0,0,0
30,585,5614,626844,0,0,VILLAGE,Betqui,Rural,629,1707,,D,Betqui-Candola,1481,7061,0,220,0,0,0,100,0,0,309,238,71,0,0,71,0,0
30,585,5613,626830,0,0,VILLAGE,Birondem,Rural,277.56,476,,D,Birondem,2016.11,4101,0,4.5,28.07,0,203.7,13.26,3.2,7,17.83,13.65,4.18,4.18,0,0,0,0
30,585,5614,626848,0,0,VILLAGE,Boma,Rural,394.6,2807,,C,Boma-Adcolna,765.6,4495,0,0,0,0,0,67,106,0,221.6,185,36.6,0,0,36.6,0,0
30,586,5618,626990,0,0,VILLAGE,Boma,Rural,788,0,,D,Calem,8450,4364,765.6,18,0,0,0,0.1,0,0,4.3,4.3,0,0,0,0,0,0
30,585,5613,626802,0,0,VILLAGE,Bombedem,Rural,48.4,37,,D,Nagargaon,10172.57,4652,0,1.4,1.5,0,0,1.7,1.5,1.39,40.91,20.19,20.72,8.52,8.6,0,0,3.6
30,585,5613,626807,0,0,VILLAGE,Buimpal,Rural,411.6,1403,,D,Onda,2517.06,9014,0,9.06,0,0,0,18.89,80,30,273.65,273.65,0,0,0,0,0,0
30,586,5616,626891,0,0,VILLAGE,Calata,Rural,165,1739,,D,Majorda,917,6570,0,11.9,0,0,0,0.2,0,0,152.9,151.8,1.1,0,0,0,0,1.1
30,586,5618,626988,0,0,VILLAGE,Calem,Rural,3575,2683,,C,Calem,8450,4364,1703.3,260,0,0,0,776.7,0,0,835,800,35,20,0,0,0,15
30,585,5610,626685,0,0,VILLAGE,Calvim,Rural,135.01,403,,D,Aldona,1519.37,9518,3.78,10.43,5.25,0,1.71,0,0,0,113.84,113.29,0.55,0,0.55,0,0,0
30,586,5618,626982,0,0,VILLAGE,Camarconda,Rural,797,793,,D,Kirlapol-Dabal,4910,6307,0,80,0,0,0,299.6,0,0,417.4,400.2,17.2,0,2.4,0,0,14.8
30,585,5610,626663,0,0,VILLAGE,Camurlim,Rural,872.7,3015,,C,Camurlim,872.7,3015,163.79,11.8,98.96,0,283.77,0,0,0,314.38,311.99,2.39,0,2.39,0,0,0
30,586,5616,626890,0,0,VILLAGE,Camurlim,Rural,340,2247,,C,Camurlim,340,2247,0,33.2,0,0,0,95,0,0,211.8,206.1,5.7,0,0,5.7,0,0
30,586,5616,626904,0,0,VILLAGE,Cana,Rural,43,494,,D,Cana,1083,12627,0,2.9,0,0,0,1.5,0,0,38.6,35.3,3.3,0,0,3.3,0,0
30,586,5619,627024,0,0,VILLAGE,Canacona,Rural,3334.4,4547,,C,Canacona (Shristhal),3334,4547,1142,179.5,0,0,0,923.4,0,0,1089.5,1085,4.5,0,2.3,0,0,2.2
30,585,5610,626677,0,0,VILLAGE,Canca,Rural,81.09,3551,,C,"Verla,",435.44,7236,0,2.04,9.38,0,11.31,26.39,11.48,0,20.49,15.74,4.75,0,4.75,0,0,0
30,585,5614,626853,0,0,VILLAGE,Candepar,Rural,1111,3768,,C,Curti-Cadepar,1881,20153,491.93,4.43,0,0,0,32.83,75.01,5,501.8,428.12,73.68,46.68,20,7,0,0
30,585,5609,626651,0,0,VILLAGE,Cansarvornem,Rural,1115.78,1382,,D,Cansarvornem,1719.75,2534,210.91,170.6,0,0,0,204.6,0,0,529.67,509.23,20.44,0,0,0,0,20.44
30,586,5615,626883,0,0,VILLAGE,Cansaulim,Rural,190.62,2219,,C,Cansaulim,996,5717,0,83.62,0,0,0,10,0,0,97,37,60,0,40,20,0,0
30,585,5611,626708,0,0,VILLAGE,Capao,Rural,72.16,135,,D,Sao Matias,642.7,2252,0,43.08,0,0,0,6.08,0,0,23,23,0,0,0,0,0,0
30,585,5611,626707,0,0,VILLAGE,Caraim,Rural,54.2,202,,D,Chodan- Madel,1535.78,5563,0,0,0,0,0,0,10.1,4.1,40,40,0,0,0,0,0,0
30,585,5611,626718,0,0,VILLAGE,Carambolim,Rural,1333.89,5179,,B,Carambolim,1333.89,5179,0,130.09,0,0,6.8,40,0,0,1157,1078,79,0,0,79,0,0
30,585,5613,626793,0,0,VILLAGE,Carambolim- Brama,Rural,513.03,445,,D,Nagargaon,10172.57,4652,263.87,1.65,5.76,0,2.06,16.65,21.4,19.14,182.5,146.25,36.25,18.88,11.45,0,0,5.92
30,585,5613,626821,0,0,VILLAGE,Carambolim-Bozruco,Rural,471.4,468,,D,Sanvordem,8157.53,3283,314.45,0,8.6,0,0,10.68,0,0,137.67,132.39,5.28,0,0,0,0,5.28
30,586,5618,626976,0,0,VILLAGE,Caranzol,Rural,4048.63,24,,D,Colem,10453,6006,2434.8,65.5,0,0,59.6,0,0,0,40.1,40.1,0,0,0,0,0,0
30,585,5613,626820,0,0,VILLAGE,Caranzol,Rural,2600,839,,D,Sanvordem,8157.53,3283,3527.24,0,129.66,0,0,28.56,0,0,363.17,354.3,8.87,0,0,0,0,8.87
30,586,5616,626917,0,0,VILLAGE,Carmona,Rural,691,3864,,C,Carmona,691,3864,0,195.9,0,0,0,48.6,0,0,446.5,403.4,43.1,0,0,43.1,0,0
30,585,5609,626641,0,0,VILLAGE,Casnem,Rural,126.46,319,,D,Casne -,509.24,1335,0,34.29,0,0,0,39.16,0,0,53.01,36.24,16.77,0,0,0,0,16.77
30,586,5616,626920,0,0,VILLAGE,Cavelossim,Rural,834,1955,,D,Cavelossim,834,1955,0,362.8,0,0,0,33.2,0,0,438,438,0,0,0,0,0,0
30,586,5617,626956,0,0,VILLAGE,Cavorem,Rural,860,920,,D,Cavorem,7640,3508,550.9,67.1,0,0,0,132,0,0,110,85,25,0,3,0,15,7
30,586,5616,626910,0,0,VILLAGE,Cavorim,Rural,498,2228,,C,Chandor,746,2935,0,149,0,0,0,118,0,0,231,146.4,84.6,84.6,0,0,0,0
30,586,5617,626967,0,0,VILLAGE,Cazur,Rural,699,510,,D,Cavorem,7640,3508,299.1,12.4,0,0,0,65.3,0,0,322.2,302.2,20,0,3,0,15,2
30,586,5617,626940,0,0,VILLAGE,Chaifi,Rural,51,77,,D,Avedem-Cotombi,580,2898,0,5.1,0,0,0,20.5,0,0,25.4,20.4,5,2,1,0,0,2
30,585,5609,626648,0,0,VILLAGE,Chandel,Rural,603.97,1152,,D,Chandel,1719.75,2534,194.62,53.1,0,0,0,194.67,0,0,161.58,158.6,2.98,0,0,0,0,2.98
30,586,5616,626911,0,0,VILLAGE,Chandor,Rural,248,707,,D,Chandor,746,2935,0,34.8,0,0,0,23.6,0,0,189.6,133.7,55.9,55.9,0,0,0,0
30,586,5615,626880,0,0,VILLAGE,Chicolna,Rural,188.67,2680,,C,Chicolna,189,2680,0,112.67,0,0,0,18,20,0,38,30,8,0,8,0,0,0
30,585,5609,626656,0,0,VILLAGE,Chopdem,Rural,215.86,974,,D,Agarwado-Chopdem,483.41,2452,0,80.59,0,0,0,34.03,0,0,101.24,98.82,2.42,0,0,0,0,2.42
30,585,5611,626706,0,0,VILLAGE,Chorao,Rural,1467.7,5268,,B,Chodan- Madel,1535.78,5563,0,527,0,0,0,15,16.33,0,909.37,909.37,0,0,0,0,0,0
30,585,5613,626773,0,0,VILLAGE,Choraundem,Rural,592.65,708,,D,Dongurli- Thane,6901.66,5488,419.06,11.5,0,0,0,1.18,20,10,130.91,130.91,0,0,0,0,0,0
30,585,5613,626780,0,0,VILLAGE,Codal,Rural,1250.22,177,,D,Nagargaon,10172.57,4652,959.95,0.61,34.68,0,0,2.25,2.28,3.47,246.98,226.98,20,9.13,4.63,0,0,6.24
30,585,5614,626860,0,0,VILLAGE,Codar,Rural,975.28,733,,D,Betora-Nirancal-Conxem-Codar,4567.06,8824,90.15,0,0,0,0,292.06,270.5,0,322.57,311,11.57,0,11.57,0,0,0
30,585,5613,626812,0,0,VILLAGE,Codiem,Rural,246.18,71,,D,Pissurlem,2247.46,3287,9,40.59,0,0,0,50.95,30.15,13.15,102.34,100.49,1.85,0.5,1.35,0,0,0
30,586,5618,626981,0,0,VILLAGE,Codli,Rural,2399,3801,,C,Kirlapol-Dabal,4910,6307,167,686.5,0,0,0,657.4,0,0,888.1,810,78.1,0,12.5,0,0,65.6
30,585,5613,626823,0,0,VILLAGE,Codqui,Rural,288.51,929,,D,Cotorem,3993.35,4102,0,10.05,34.91,0,14.13,23.41,11.05,16.18,178.78,164.18,14.6,0,0,11.85,0,2.75
30,585,5613,626818,0,0,VILLAGE,Codvol,Rural,887.25,5,,D,Sanvordem,8157.53,3283,871.12,0,12.65,0,0,3.19,0,0,0.29,0.29,0,0,0,0,0,0
30,586,5619,627022,0,0,VILLAGE,Cola,Rural,3444.1,5382,,B,Cola,3444,5382,538.8,634.8,0,0,0,707.2,0,0,1563.3,1551.2,12.1,0,2.5,3.5,2.3,3.8
30,586,5618,626977,0,0,VILLAGE,Colem,Rural,3010,4195,,C,Colem,10453,6006,1588.2,480.4,0,0,0,504.3,0,0,437.1,402.1,35,0,17,0,0,18
30,586,5618,627013,0,0,VILLAGE,Colomba,Rural,1829,1831,,D,Rivona,5411,5452,1041.2,155,0,0,0,282.8,0,0,350,250,100,30,0,0,0,70
30,586,5616,626897,0,0,VILLAGE,Colva,Rural,287,3141,,C,Colva,608,6987,0,43,0,0,0,7,0,0,237,206.2,30.8,0,0,0,0,30.8
30,585,5613,626790,0,0,VILLAGE,Compordem,Rural,746.66,1093,,D,Mauzi,2796.33,4080,212.57,24.03,0,0,0,85.06,90,50,285,285,0,0,0,0,0,0
30,586,5618,626998,0,0,VILLAGE,Comproi,Rural,120,620,,D,Sanvordem(CT),2558,7804,20,20.2,0,0,7.3,0,0,0,72.5,65.5,7,0,0,0,0,7
30,585,5613,626841,0,0,VILLAGE,Conquirem,Rural,803.49,397,,D,Guleli,2871.2,3119,450.09,0.8,38.15,0,0,71.71,4.3,10.1,228.34,224.83,3.51,3.51,0,0,0,0
30,585,5614,626862,0,0,VILLAGE,Conxem,Rural,188.19,186,,D,Betora-Nirancal-Conxem-Codar,4567.06,8824,10.06,0,0,0,0,0,19.46,0,158.67,156.74,1.93,0,1.93,0,0,0
30,586,5618,626997,0,0,VILLAGE,Coranginim,Rural,420,32,,D,Sanvordem(CT),2558,7804,92.2,89,0,0,0,57.8,0,0,181,180,1,0,0,0,0,1
30,586,5617,626958,0,0,VILLAGE,Cordem,Rural,803,1617,,D,Bali,3895,7415,195.4,39.6,0,0,0,35.7,0,0,532.3,512.1,20.2,0,8.2,0,7,5
30,585,5609,626638,0,0,VILLAGE,Corgao,Rural,2208.55,6639,,B,Corgao,2208.55,6639,0.02,437.08,0,0,0,237.53,0,0,1533.92,1524.31,9.61,0,0,0,0,9.61
30,585,5610,626683,0,0,VILLAGE,Corjuem,Rural,488.26,2725,,C,Aldona,1519.37,9518,57.47,30.96,9.14,0,74.94,0,0,0,315.75,314.33,1.42,0,1.42,0,0,0
30,586,5617,626966,0,0,VILLAGE,Corla,Rural,755,209,,D,Cavorem,7640,3508,569.2,3,0,0,0,54.4,0,0,128.4,125.5,2.9,0,0,0,1.9,1
30,586,5618,626980,0,0,VILLAGE,Cormonem,Rural,617,645,,D,Kirlapol-Dabal,4910,6307,240.1,80.3,0,0,0,106,0,0,190.6,180,10.6,0,4.6,0,0,6
30,586,5618,626996,0,0,VILLAGE,Costi,Rural,685,881,,D,Calem,8450,4364,59.1,150,0,0,0,168.7,0,0,307.2,300.2,7,0,0,0,0,7
30,586,5618,627000,0,0,VILLAGE,Cotarli,Rural,743,1121,,D,Uguem,6309,4733,3.7,50,0,0,0,231.5,0,0,457.8,450.3,7.5,3.75,0,0,0,3.75
30,586,5619,627028,0,0,VILLAGE,Cotigao,Rural,11170.9,2640,,C,Cotigao,11171,2640,8790.5,152.1,0,0,0,179.9,0,0,2048.4,2037.3,11.1,11.1,0,0,0,0
30,586,5617,626938,0,0,VILLAGE,Cotombi,Rural,366.78,1171,,D,Avedem-Cotombi,580,2898,0,22,0,0,0,85,0,0,195,100,95,45,5,0,0,45
30,585,5612,626760,0,0,VILLAGE,Cotombi,Rural,302,591,,D,Pale - Cotombi,1716.78,6634,0,6,200,40.78,8,2,7,0,103,101,2,0,0,0,0,2
30,585,5613,626832,0,0,VILLAGE,Cotorem,Rural,533.36,624,,D,Cotorem,3993.35,4102,6.13,12.48,60.45,0,20.12,12.81,38.18,21,362.19,314.72,47.47,35.4,5.02,0,0,7.05
30,585,5613,626815,0,0,VILLAGE,Cudcem,Rural,365.7,644,,D,Sanvordem,8157.53,3283,40.57,0,34.33,0,0,41.86,0,0,248.94,246.9,2.04,0,0,0,0,2.04
30,585,5612,626757,0,0,VILLAGE,Cudnem,Rural,992.12,3308,,C,Cudnem,992.12,3308,0,120,251.02,20,27,163.2,6,15,389.9,336.5,53.4,16,2,35.4,0,0
30,586,5615,626877,0,0,VILLAGE,Cuelim,Rural,465.83,1777,,D,Cansaulim,996,5717,0,134.83,0,0,0,30,15,0,286,163,123,0,93,30,0,0
30,585,5613,626808,0,0,VILLAGE,Cumarconda,Rural,556.7,525,,D,Pissurlem,2247.46,3287,234.14,15.58,0,0,0,17.41,7.6,2.3,279.67,266.55,13.12,1.2,8.08,0,0,3.84
30,586,5618,627007,0,0,VILLAGE,Cumbari,Rural,2599,283,,D,Bati,12894,3283,2319.6,19,0,0,0,190.4,0,0,70,70,0,0,0,0,0,0
30,585,5614,626849,0,0,VILLAGE,Cuncoliem,Rural,517,1385,,D,Velinga-Priol-Cuncoliem,2224,11470,0,0,0,0,0,111,0,175,231,142,89,0,39,50,0,0
30,585,5614,626855,0,0,VILLAGE,Cundaim,Rural,778.35,3859,,C,Cundaim,778.35,3859,0,0,4,0,0,115.55,232.2,5,421.6,353.5,68.1,25.1,38,5,0,0
30,585,5611,626723,0,0,VILLAGE,Curca,Rural,270.1,2518,,C,Curca -Bambolim -Talaulim,1778.86,10816,0,78,0,0,0,14,0,0,178.1,177.04,1.06,0,0,0,0,1.06
30,585,5612,626750,0,0,VILLAGE,Curchirem,Rural,770.87,2043,,C,Ona - Maulinguem - Curchirem,1699.57,4185,0,6,42,115.87,10,14,7,3,573,556,17,4,2,0,0,11
30,586,5618,627012,0,0,VILLAGE,Curdi,Rural,2690,35,,D,Curdi,5081,3241,0,3,0,0,0,2677,0,0,10,10,0,0,0,0,0,0
30,586,5618,627015,0,0,VILLAGE,Curpem,Rural,1056,886,,D,Curdi,5081,3241,564,78.1,0,0,0,173.9,0,0,240,220,20,0,0,0,0,20
30,585,5613,626789,0,0,VILLAGE,Dabem,Rural,350.88,498,,D,Mauzi,2796.33,4080,86.12,59.36,0,0,0,1.02,25,15,164.38,164.11,0.27,0.27,0,0,0,0
30,586,5615,626874,0,0,VILLAGE,Dabolim,Rural,741,6027,,B,Chicalim(CT),1975,13155,0,560,0,0,0,86,0,0,95,90,5,0,5,0,0,0
30,585,5613,626831,0,0,VILLAGE,Damocem,Rural,236.86,596,,D,Guleli,2871.2,3119,0,8,4.21,0,0,6.56,8.98,5.3,203.81,103.95,99.86,90.06,0,0,0,9.8
30,586,5618,626971,0,0,VILLAGE,Darbandora,Rural,4458,2991,,C,Darbandora,5659,7049,2550.2,400.9,0,0,0,938.6,0,0,568.3,504.8,63.5,0,13.2,0,0,50.3
30,585,5609,626653,0,0,VILLAGE,Dargalim,Rural,2059.16,5696,,B,Dargalim,2059.16,5696,0,670.65,0,0,0,393.32,0,0,995.19,949.75,45.44,0,0,0,0,45.44
30,585,5613,626801,0,0,VILLAGE,Davem,Rural,611.62,862,,D,Nagargaon,10172.57,4652,0,3.52,4.25,0,0,21.11,13.98,4.65,564.11,495,69.11,28.92,15.77,0,0,24.42
30,585,5613,626779,0,0,VILLAGE,Derodem,Rural,1335.9,108,,D,Nagargaon,10172.57,4652,1270.12,1.8,6.65,0,0,0.4,3.79,4.89,48.25,29.25,19,8.68,7.19,0,0,3.13
30,586,5616,626918,0,0,VILLAGE,Deussua,Rural,270,1479,,D,Chinchinim(CT),1190,8387,0,67.5,0,0,0,6.4,0,0,196.1,193.9,2.2,0,0,0,0,2.2
30,586,5616,626909,0,0,VILLAGE,Dicarpale,Rural,199,3057,,C,Davorlim(CT),199,18407,0,59.2,0,0,0,25.5,0,0,114.3,108.7,5.6,0,0,5.6,0,0
30,586,5618,627009,0,0,VILLAGE,Dongor,Rural,789,39,,D,Bati,12894,3283,722.4,25,0,0,0,21.5,0,0,20.1,17.7,2.4,0,0,0,0,2.4
30,586,5618,626992,0,0,VILLAGE,Dongurli,Rural,1076,0,,D,Calem,8450,4364,419.5,44.6,0,0,0,134.7,0,0,477.2,477.2,0,0,0,0,0,0
30,585,5613,626782,0,0,VILLAGE,Dongurli,Rural,1016.34,1534,,D,Dongurli- Thane,6901.66,5488,365.6,57.92,0,0,0,194.13,95.54,60.45,242.7,145.4,97.3,0,45.2,52.1,0,0
30,586,5616,626908,0,0,VILLAGE,Dramapur,Rural,538,3441,,C,Dramapur,724,4286,0,59.2,0,0,0,76.9,0,0,401.9,398.7,3.2,0,0,0,0,3.2
30,586,5618,626995,0,0,VILLAGE,Dudal,Rural,769,446,,D,Calem,8450,4364,168.9,130,0,0,0,83.3,0,0,386.8,380,6.8,0,1.8,0,0,5
30,585,5612,626742,0,0,VILLAGE,Dumacem,Rural,329.22,296,,D,Mencurem - Dumacem,797.19,1677,0,52.7,11,35,40,8.5,15,7.5,159.52,131,28.52,23.77,4,0.75,0,0
30,586,5616,626900,0,0,VILLAGE,Duncolim,Rural,116,748,,D,Seraulim,387,3998,0,6.2,0,0,0,0.4,0,0,109.4,89.7,19.7,0,0,0,0,19.7
30,585,5614,626856,0,0,VILLAGE,Durbhat,Rural,579,3443,,C,Durbhat,579,3443,0,0,300.6,0,0,75.4,0,145.61,57.39,50.3,7.09,0,4.64,2.45,0,0
30,585,5613,626791,0,0,VILLAGE,Edorem,Rural,137.19,291,,D,Nagargaon,10172.57,4652,0,3.1,6.55,0,2.29,8.5,4.22,1.88,110.65,92.4,18.25,8.58,4.2,0,0,5.47
30,585,5611,626714,0,0,VILLAGE,Ella,Rural,634.46,5372,,B,Se-Old Goa,928.4,7853,0,130,0,0,0,29.3,0,0,475.16,468.07,7.09,0,0,2.09,5,0
30,586,5617,626950,0,0,VILLAGE,Fatorpa,Rural,810,2378,,C,Fatorpa,1549,3949,0,260.5,0,0,0,118,0,0,431.5,415.5,16,0,5,0,2,9
30,585,5611,626721,0,0,VILLAGE,Gancim,Rural,300.76,519,,D,Batim,576.28,2008,0,14.52,0,0,9.2,0,2.03,0,275.01,270.93,4.08,0,0,0,0,4.08
30,586,5616,626896,0,0,VILLAGE,Gandaulim,Rural,134.04,438,,D,Colva,608,6987,0,2.1,0,0,0,0,0,0,35.9,34.7,1.2,0,0,0,0,1.2
30,585,5611,626713,0,0,VILLAGE,Gandaulim,Rural,38,301,,D,Cumbarjua,374.04,5218,0,1,30,0,8.04,0,0,0,95,32.05,62.95,0,0,0,0,62.95
30,585,5614,626852,0,0,VILLAGE,Gangem,Rural,544.05,473,,D,Usgao-Gangem,3084.05,12909,422.38,0,0,0,0,54.25,0,15.32,52.1,50.94,1.16,0,1.16,0,0,0
30,586,5619,627025,0,0,VILLAGE,Gaodongrem,Rural,6193.6,4946,,C,Gaodongrem,6194,4946,0,462,0,0,0,656.8,0,0,5074.8,5068.2,6.6,0,1.5,1.5,0,3.6
30,585,5611,626717,0,0,VILLAGE,Goalim Moula,Rural,318.78,441,,D,Curca -Bambolim -Talaulim,1778.86,10816,0,0,132.34,0,0,0.4,9.04,0,177,171,6,0,0,0,0,6
30,586,5617,626962,0,0,VILLAGE,Gocoldem,Rural,1076,579,,D,Barcem,5840,4437,750.8,22.1,0,0,0,140.4,0,0,162.7,155.7,7,0,2,0,5,0
30,585,5613,626776,0,0,VILLAGE,Golauli,Rural,657.16,297,,D,Dongurli- Thane,6901.66,5488,0,8.85,0,0,0,0.61,175.2,65.3,407.2,405.63,1.57,0,1.57,0,0,0
30,585,5611,626710,0,0,VILLAGE,Goltim,Rural,352.09,1634,,D,Goltim-Navelim,708.55,2767,0,106,0,0,0,30.07,0,0,216.02,215.97,0.05,0,0,0.05,0,0
30,586,5616,626894,0,0,VILLAGE,Gonsua,Rural,47,222,,D,Betalbatim,494,3773,0,9.5,0,0,0,0.4,0,0,37.1,33.3,3.8,0,0,0,0,3.8
30,585,5613,626768,0,0,VILLAGE,Gonteli,Rural,280.85,1634,,D,Querim,4147.5,5713,36.65,11.13,0,0,0,8,7,4.31,213.76,53,160.76,120,40.76,0,0,0
30,585,5613,626837,0,0,VILLAGE,Govanem,Rural,431.26,161,,D,Cotorem,3993.35,4102,258.34,2.1,24.25,0,2.3,57.22,7.05,9.1,70.9,70.9,0,0,0,0,0,0
30,586,5616,626903,0,0,VILLAGE,Guirdolim,Rural,765,3622,,C,Guirdolim,765,3622,0,100,0,0,0,297.9,0,0,367.1,274.1,93,93,0,0,0,0
30,585,5613,626828,0,0,VILLAGE,Guleli,Rural,201.33,490,,D,Guleli,2871.2,3119,0,1.29,51.54,0,0,47.09,0.1,0.45,100.86,20.86,80,80,0,0,0,0
30,585,5613,626784,0,0,VILLAGE,Gululem,Rural,790.65,0,,D,Querim,4147.5,5713,0,0,0,0,0,0,0,0,0,0,0,0,0,0,0,0
30,585,5609,626650,0,0,VILLAGE,Ibrampur,Rural,673.75,2429,,C,Ibrampur,673.75,2429,139.28,64.74,0,0,0,159.82,0,0,309.91,299.28,10.63,0,0,0,0,10.63
30,586,5615,626879,0,0,VILLAGE,Issorcim,Rural,273,841,,D,Velsao,676,4351,0,84.5,0,0,0,45,15,0,128.5,101.5,27,0,7,20,0,0
30,585,5613,626774,0,0,VILLAGE,Ivrem-Buzruco,Rural,500.89,666,,D,Dongurli- Thane,6901.66,5488,282.19,15.27,0,0,0,3.74,70.5,30.85,98.34,98.02,0.32,0.32,0,0,0,0
30,585,5613,626775,0,0,VILLAGE,Ivrem-Curdo,Rural,361.69,218,,D,Dongurli- Thane,6901.66,5488,242.48,12.32,0,0,0,0.98,45.2,10.3,50.41,48.26,2.15,0,2.15,0,0,0
30,585,5612,626744,0,0,VILLAGE,Latambarcem,Rural,3654.35,6722,,B,Latambarcem,3654.35,6722,88.25,350.5,120,60,80,1111,70,18,1756.6,1681.2,75.4,6,35.4,0,34,0
30,586,5619,627027,0,0,VILLAGE,Loliem,Rural,4130.8,4797,,C,Loliem- Polem,4165,4797,832.9,1080.9,0,0,0,758.7,0,0,1458.3,1422.9,35.4,0,0,0,21.3,14.1
30,586,5616,626889,0,0,VILLAGE,Loutulim,Rural,1781,6121,,B,Loutulim,1781,6121,0,0,525.3,0,0,400.4,0,0,855.5,813.2,42.3,0,0,42.3,0,0
30,586,5616,626902,0,0,VILLAGE,Macasana,Rural,500,1972,,D,Macasana,500,1972,0,113.1,0,0,0,56.1,0,0,330.8,277.6,53.2,0,0,0,0,53.2
30,585,5612,626752,0,0,VILLAGE,Maem,Rural,2104.07,7544,,B,Maem,2239.82,8717,0,40,755.56,167.3,30,5,15.21,20,1071,979,92,0,0,92,0,0
30,586,5617,626957,0,0,VILLAGE,Maina,Rural,1456,505,,D,Cavorem,7640,3508,443.9,290.9,0,0,0,460.2,0,0,261,201,60,0,15,0,40,5
30,586,5616,626892,0,0,VILLAGE,Majorda,Rural,438,2813,,C,Majorda,917,6570,0,40.3,0,0,0,3.4,0,0,394.3,386.1,8.2,0,0,0,0,8.2
30,585,5611,626711,0,0,VILLAGE,Malar,Rural,470.27,1630,,D,Sao Matias,642.7,2252,0,118.08,0,0,0,28.19,0,0,324,324,0,0,0,0,0,0
30,585,5613,626796,0,0,VILLAGE,Maloli,Rural,561.76,416,,D,Nagargaon,10172.57,4652,290.36,2.1,14.1,0,0,24.81,4.25,6.22,219.92,198.3,21.62,8.28,5.6,0,0,7.74
30,585,5613,626838,0,0,VILLAGE,Malpona,Rural,398.1,277,,D,Cotorem,3993.35,4102,237.78,5.06,27.75,0,2.08,64.92,12.08,12.08,36.35,35.16,1.19,0,0.65,0.24,0,0.3
30,585,5611,626720,0,0,VILLAGE,Mandur,Rural,205.22,3113,,C,Azossim - Mandur,535.06,4255,0,30.21,0,0,0,20.01,0,0,155,148.05,6.95,0,0,0,0,6.95
30,586,5617,626968,0,0,VILLAGE,Mangal,Rural,1213,296,,D,Cavorem,7640,3508,1007.7,24,0,0,0,116,0,0,65.3,50.3,15,0,5,0,10,0
30,585,5610,626671,0,0,VILLAGE,Marna,Rural,328.94,1234,,D,Siolim,1550.94,12170,41.55,7.34,28.92,0,176.94,0,0,0,74.19,73.89,0.3,0,0.3,0,0,0
30,585,5610,626689,0,0,VILLAGE,Marra,Rural,326.56,1988,,D,Pilerne - Marra,980.56,7815,0,0.79,0,0,0,6.9,0,2.69,316.18,315.85,0.33,0,0,0.33,0,0
30,586,5618,626994,0,0,VILLAGE,Maulinguem,Rural,518,354,,D,Calem,8450,4364,288.1,34.4,0,0,0,42.3,0,0,153.2,150.8,2.4,0,0,0,0,2.4
30,585,5612,626749,0,0,VILLAGE,Maulinguem North,Rural,739,1457,,D,Ona - Maulinguem - Curchirem,1699.57,4185,0,15,235,71,27,10,10,7,364,356,8,0,4,0,0,4
30,585,5613,626806,0,0,VILLAGE,Mauzi,Rural,629.1,1375,,D,Mauzi,2796.33,4080,0,148.1,0,0,0,39.29,95,40,306.71,305.08,1.63,1.63,0,0,0,0
30,585,5613,626840,0,0,VILLAGE,Melauli,Rural,1629.54,1636,,D,Guleli,2871.2,3119,81.38,3.98,139.09,0,0,14.69,2.8,22.8,1364.8,1335.38,29.42,29.42,0,0,0,0
30,585,5612,626741,0,0,VILLAGE,Mencurem,Rural,467.97,1381,,D,Mencurem - Dumacem,797.19,1677,0,58.47,53,12,77.5,25,41,0,201,121,80,40.5,0,39.5,0,0
30,586,5618,626983,0,0,VILLAGE,Moissal,Rural,301,8,,D,Kirlapol-Dabal,4910,6307,0,52,0,0,0,115.5,0,0,133.5,130.2,3.3,0,0,0,0,3.3
30,585,5610,626667,0,0,VILLAGE,Moitem,Rural,88.52,860,,D,Moitem,457.34,4730,0,20.29,18.12,0,5.98,17.39,26.74,0,0,0,0,0,0,0,0,0
30,586,5617,626946,0,0,VILLAGE,Molcarnem,Rural,901,1507,,D,Molcornem,2373,2887,222,48.1,0,0,0,160.9,0,0,470,350,120,0,60,20,0,40
30,586,5617,626945,0,0,VILLAGE,Molcopona,Rural,227,457,,D,Molcornem,2373,2887,88,10.5,0,0,0,16.3,0,0,112.2,98.2,14,0,4,0,0,10
30,586,5618,626975,0,0,VILLAGE,Molem,Rural,3665,1715,,D,Molem,5268,2798,2853.6,98.2,0,0,486.4,0,0,0,226.8,210.4,16.4,0,10.4,0,0,6
30,585,5609,626647,0,0,VILLAGE,Mopa,Rural,875.37,1082,,D,Tamboxern Mopa Uguem,1372.25,2806,147.48,149.87,0,0,0,180.24,0,0,397.78,386.21,11.57,0,0,0,0,11.57
30,585,5613,626786,0,0,VILLAGE,Morlem,Rural,972.87,3290,,C,Morlem,972.87,3290,275.33,104.94,0,0,0,17.98,30,15,529.62,521.45,8.17,2.15,3.25,0,0,2.77
30,586,5617,626953,0,0,VILLAGE,Morpila,Rural,1433,2857,,C,Morpila,1433,2857,306.6,99.5,0,0,0,200.6,0,0,826.3,801.3,25,0,15,0,5,5
30,586,5618,626999,0,0,VILLAGE,Muguli,Rural,764,508,,D,Uguem,6309,4733,0,49,0,0,0,119.7,0,0,595.3,580,15.3,0,2,0,0,13.3
30,586,5616,626913,0,0,VILLAGE,Mulem,Rural,808,2799,,C,Paroda,1192,3419,0.7,183.7,0,0,0,108.1,0,0,515.5,448.3,67.2,67.2,0,0,0,0
30,585,5612,626747,0,0,VILLAGE,Mulgao,Rural,759.39,3892,,C,Mulgao,759.39,3892,0,120.5,122.5,70,40,10,49.39,45,302,226,76,0,0,0,0,76
30,585,5610,626682,0,0,VILLAGE,Nachinola,Rural,244.05,2725,,C,Nachinola,244.05,2725,59.78,8.51,0,0,76.35,68.43,0,0,30.98,30.98,0,0,0,0,0,0
30,585,5610,626665,0,0,VILLAGE,Nadora,Rural,509.96,1257,,D,Nadora,509.96,1257,154.09,34.32,0,0,132.54,91.08,0,0,97.93,97.93,0,0,0,0,0,0
30,585,5613,626804,0,0,VILLAGE,Nagargao,Rural,161,549,,D,Nagargaon,10172.57,4652,0,1.76,1.88,0,2.05,8.79,3.25,1.77,141.5,118.33,23.17,10.82,6.85,0,0,5.5
30,585,5610,626674,0,0,VILLAGE,Nagoa,Rural,154.57,1455,,D,"Arpora,",577.41,4710,0,4.5,4.51,0,0,0,1.41,2.66,141.49,140.31,1.18,0,0,1.18,0,0
30,586,5616,626888,0,0,VILLAGE,Nagoa,Rural,518,3873,,C,Nagoa,518,3873,0,163.3,0,0,0,82.6,0,0,272.2,258.7,13.5,0,13.5,0,0,0
30,585,5613,626813,0,0,VILLAGE,Naguem,Rural,343.39,479,,D,Mauzi,2796.33,4080,194.87,5.36,0,0,0,14.95,8.1,6,114.11,114.11,0,0,0,0,0,0
30,586,5617,626942,0,0,VILLAGE,Nagvem,Rural,354,475,,D,Molcornem,2373,2887,70.1,19.7,0,0,0,49.2,0,0,215,140,75,65.5,2,3,0,4.5
30,586,5618,627010,0,0,VILLAGE,Naiquinim,Rural,582,252,,D,Bati,12894,3283,90.8,212.2,0,0,0,109,0,0,170,170,0,0,0,0,0,0
30,585,5613,626792,0,0,VILLAGE,Naneli,Rural,609,294,,D,Dongurli- Thane,6901.66,5488,258.99,28.71,0,0,0,91.37,80.15,64.2,85.58,74.79,10.79,4,6.79,0,0,0
30,585,5613,626797,0,0,VILLAGE,Nanorem,Rural,368.09,287,,D,Nagargaon,10172.57,4652,158.26,1.73,17.99,0,0,13.79,1.89,0.33,174.1,157.94,16.16,5.57,8.61,0,0,1.98
30,586,5617,626952,0,0,VILLAGE,Naquerim,Rural,1262,491,,D,Naquerim,1262,491,0,450.2,0,0,0,501.8,0,0,310,260,50,0,0,30,10,10
30,585,5612,626755,0,0,VILLAGE,Naroa,Rural,100.27,1897,,D,Naroa,801.45,1897,0,10,239.95,19.7,10,30.3,6,4,481.5,402,79.5,0,2,60,0,17.5
30,585,5611,626712,0,0,VILLAGE,Naroa,Rural,801.45,487,,D,Sao Matias,642.7,2252,0,37.03,0,0,0,7,0,0,56.24,56.24,0,0,0,0,0,0
30,585,5611,626709,0,0,VILLAGE,Navelim,Rural,356.46,1133,,D,Goltim-Navelim,708.55,2767,0,240,0,0,0,100.23,0,0,16.23,16.23,0,0,0,0,0,0
30,585,5612,626759,0,0,VILLAGE,Navelim,Rural,1088.73,2703,,C,Navelim,1088.73,2703,40,90.33,250,36,22,142.5,21,11,475.9,335.9,140,0,0,0,0,140
30,586,5618,627018,0,0,VILLAGE,Netorli,Rural,4075,1709,,D,Netorli,11179,3552,3166.1,110.6,0,0,0,263.1,0,0,535.2,370.2,165,0,50,5,0,110
30,585,5611,626726,0,0,VILLAGE,Neura-O-Grande,Rural,635.44,1440,,D,Neura,740.34,2003,0,197.08,0,0,0,20.27,0,0,418.09,418.09,0,0,0,0,0,0
30,585,5611,626725,0,0,VILLAGE,Neura-O-Pequeno,Rural,104.9,563,,D,Neura,740.34,2003,0,12.74,0,0,0,4.08,0,0,88.08,80.05,8.03,0,0,0,0,8.03
30,585,5614,626861,0,0,VILLAGE,Nirancal,Rural,1989.3,1772,,D,Betora-Nirancal-Conxem-Codar,4567.06,8824,860.82,0,0,0,0,252.8,255.25,0,620.43,565.8,54.63,0,54.63,0,0,0
30,586,5618,627019,0,0,VILLAGE,Nundem,Rural,780,500,,D,Netorli,11179,3552,595.1,15.8,0,0,0,21,0,0,148.1,145.1,3,0,2,0,0,1
30,586,5617,626937,0,0,VILLAGE,Odar,Rural,82,569,,D,Assolda,740,3676,0,22.2,0,0,0,14.8,0,0,45,40,5,3,0,0,0,2
30,585,5610,626686,0,0,VILLAGE,Olaulim,Rural,153.27,659,,D,Pomburpa-Olaulim,654,3754,0,76.97,7.2,0,0,15.64,0,0,53.46,53.02,0.44,0,0,0.44,0,0
30,585,5612,626748,0,0,VILLAGE,Ona,Rural,189.7,685,,D,Ona - Maulinguem - Curchirem,1699.57,4185,0,0,65,21.7,6,3,5,5,84,80,4,0,2,0,0,2
30,586,5616,626916,0,0,VILLAGE,Orlim,Rural,366,2049,,C,Orlim,366,2049,0,133.1,0,0,0,5.1,0,0,227.8,227.8,0,0,0,0,0,0
30,586,5618,626991,0,0,VILLAGE,Oxel,Rural,340.58,0,,D,Calem,8450,4364,983.9,15.1,0,0,0,39,0,0,1,1,0,0,0,0,0,0
30,585,5610,626662,0,0,VILLAGE,Oxel,Rural,1039,2794,,C,Oxel,340.58,"2,794",0,65.49,66.55,0,0,0.91,0,0,207.63,207.32,0.31,0,0,0.31,0,0
30,585,5609,626652,0,0,VILLAGE,Ozorim,Rural,747.43,1669,,D,Ozorim,747.43,1669,0,171.57,0,0,0,164.29,0,0,411.57,384.4,27.17,0,0,0,0,27.17
30,585,5613,626829,0,0,VILLAGE,Padeli,Rural,168.57,657,,D,Birondem,2016.11,4101,0,8.25,40.25,0,100.27,0.94,0,2.5,16.36,12.08,4.28,4.28,0,0,0,0
30,586,5617,626959,0,0,VILLAGE,Padi,Rural,1095,268,,D,Barcem,5840,4437,692.3,21.4,0,0,0,250.5,0,0,130.8,120.6,10.2,0,5,0,3,2.2
30,585,5613,626783,0,0,VILLAGE,Pale,Rural,793.54,1157,,D,Dongurli- Thane,6901.66,5488,498.56,20.14,0,0,0,60.84,65.1,42.3,106.6,106.6,0,0,0,0,0,0
30,586,5615,626878,0,0,VILLAGE,Pale,Rural,241,1990,,D,Velsao,676,4351,0,74.4,0,0,0,19,15,0,132.6,74.6,58,0,20,38,0,0
30,585,5609,626637,0,0,VILLAGE,Paliem,Rural,999.64,2776,,C,Paliem,999.64,2776,0,251.29,0,0,0,146.58,0,0,601.77,565.25,36.52,0,0,0,0,36.52
30,585,5610,626679,0,0,VILLAGE,Paliem,Rural,135.98,1377,,D,Ucassaim Paliem Punola,469.04,3318,6.69,5.76,0,0,26.81,22.25,0,0,74.47,74.47,0,0,0,0,0,0
30,586,5616,626912,0,0,VILLAGE,Paroda,Rural,384,620,,D,Paroda,1192,3419,0,66.6,0,0,0,118,0,0,199.4,149.5,49.9,49.9,0,0,0,0
30,585,5610,626675,0,0,VILLAGE,Parra,Rural,506.48,4449,,C,Parra,506.48,"4,449",0,17.26,0,0,166.87,0,58.69,0,263.66,263.66,0,0,0,0,0,0
30,586,5618,626993,0,0,VILLAGE,Patiem,Rural,1210,292,,D,Uguem,6309,4733,0,72,0,0,0,119.5,0,0,1018.5,1010,8.5,0,0,0,0,8.5
30,585,5613,626819,0,0,VILLAGE,Pendral,Rural,1737.39,0,,D,Sanvordem,8157.53,3283,0,0,20.26,0,0,4.04,0,0,1713.09,1713.09,0,0,0,0,0,0
30,585,5609,626639,0,0,VILLAGE,Pernem,Rural,2350.87,2701,,C,Tuem,2208.55,6639,0,455.27,0,0,0,701.4,0,0,1194.2,1149.78,44.42,0,0,0,0,44.42
30,586,5618,626970,0,0,VILLAGE,Piliem,Rural,1201,4058,,C,Darbandora,5659,7049,278.3,255.4,0,0,0,306.8,0,0,360.5,350.5,10,0,4,0,0,6
30,585,5612,626756,0,0,VILLAGE,Piligao,Rural,818.5,2643,,C,Piligao,818.5,2643,0,85.2,93.2,7.4,30.9,20,0,0,581.8,574.7,7.1,0,0,0,0,7.1
30,586,5617,626964,0,0,VILLAGE,Pirla,Rural,1504,474,,D,Cavorem,7640,3508,0,332.4,0,0,0,626.6,0,0,545,495,50,0,5,0,45,0
30,585,5610,626666,0,0,VILLAGE,Pirna,Rural,990.11,2568,,C,Pirrna,990.11,2568,222.35,18.53,0,0,435.18,127.23,0,0,186.82,186.82,0,0,0,0,0,0
30,585,5613,626809,0,0,VILLAGE,Pissurlem,Rural,833.85,1940,,D,Pissurlem,2247.46,3287,0,147,0,0,0,140.16,50,167.87,328.82,297.33,31.49,0,12.35,0,0,19.14
30,585,5613,626765,0,0,VILLAGE,Podocem,Rural,392.78,966,,D,Poriem,1552.97,5156,0,100,0,0,0,10.29,19.32,10,253.17,99.61,153.56,153.56,0,0,0,0
30,586,5619,627026,0,0,VILLAGE,Poinguinim,Rural,3546.4,6625,,B,Poinguinim,3546,6625,648.2,439.8,0,0,0,863.6,0,0,1594.8,1540.6,54.2,7.2,4,8,0,35
30,585,5610,626687,0,0,VILLAGE,Pomburpa,Rural,500.73,3095,,C,Pomburpa-Olaulim,654,3754,0,26.83,370.1,0,0,71.17,0,0,32.63,32.24,0.39,0,0,0.39,0,0
30,585,5614,626864,0,0,VILLAGE,Ponchavadi,Rural,1588.22,4295,,C,Ponchavadi,1588.22,4295,0,0,0,0,0,234.41,198.11,0,1155.7,1087.48,68.22,68.22,0,0,0,0
30,585,5613,626826,0,0,VILLAGE,Ponocem,Rural,299.38,496,,D,Pissurlem,2247.46,3287,0,60.65,0,0,0,49.93,30.53,11.95,146.32,143.32,3,0.85,2.15,0,0,0
30,585,5610,626684,0,0,VILLAGE,Ponolem,Rural,92.1,120,,D,Aldona,1519.37,9518,8.13,11.72,1.64,0,9.9,0,0,0,60.71,60.62,0.09,0,0.09,0,0,0
30,585,5613,626772,0,0,VILLAGE,Ponsuli,Rural,360,0,,D,Querim,4147.5,5713,0,0,0,0,0,0,0,0,0,0,0,0,0,0,0,0
30,585,5613,626766,0,0,VILLAGE,Poriem,Rural,1160.19,4190,,C,Poriem,1552.97,5156,559,46.35,0,0,0,40,40.63,79.14,395.07,250.46,144.61,100.61,0,0,0,44
30,585,5609,626640,0,0,VILLAGE,Poroscodem,Rural,178.71,675,,D,poroscodem,509.24,1335,0,50.9,0,0,0,19.09,0,0,108.72,67.21,41.51,0,0,0,0,41.51
30,586,5618,627011,0,0,VILLAGE,Porteem,Rural,1335,2320,,C,Curdi,5081,3241,357.3,213.5,0,0,0,439.2,0,0,325,325,0,0,0,0,0,0
30,586,5618,627005,0,0,VILLAGE,Potrem,Rural,2225,201,,D,Bati,12894,3283,1900.9,15,0,0,0,56,0,0,253.1,238.1,15,0,0,0,0,15
30,585,5610,626680,0,0,VILLAGE,Punola,Rural,69.41,864,,D,Ucassaim Paliem Punola,469.04,3318,8.51,6.11,0,0,4.61,21.05,0,0,29.13,29.13,0,0,0,0,0,0
30,586,5617,626960,0,0,VILLAGE,Quedem,Rural,786,414,,D,Barcem,5840,4437,385.9,59.1,0,0,0,121.5,0,0,219.5,210,9.5,0,3.5,0,2,4
30,585,5613,626771,0,0,VILLAGE,Quelaudem,Rural,339,0,,D,Querim,4147.5,5713,0,0,0,0,0,0,0,0,0,0,0,0,0,0,0,0
30,586,5615,626876,0,0,VILLAGE,Quelossim,Rural,1065.32,3262,,C,Cortalim(CT),1898,12342,0,655.32,0,0,0,6,17,0,387,198,189,0,160,29,0,0
30,585,5613,626785,0,0,VILLAGE,Querim,Rural,405.21,2251,,C,Querim,4147.5,5713,0,47.11,0,0,0,100,190,112.05,792.69,412.69,380,320,60,0,0,0
30,585,5614,626850,0,0,VILLAGE,Querim,Rural,1174.25,3474,,C,Querim,1174.25,3474,59.82,0,0,0,0,155.28,0,321.68,637.47,45.24,592.23,0,0,592.23,0,0
30,585,5609,626636,0,0,VILLAGE,Querim,Rural,1241.85,3038,,C,Querim-Tiracol,606.1,3243,0,199.45,0,0,0,6.51,0,0,199.25,184.4,14.85,0,0,0,0,14.85
30,586,5617,626963,0,0,VILLAGE,Quisconda,Rural,1160,491,,D,Barcem,5840,4437,965.2,8.5,0,0,0,15.9,0,0,170.4,162.7,7.7,0,2,0,5.7,0
30,586,5617,626951,0,0,VILLAGE,Quitol,Rural,739,1571,,D,Fatorpa,1549,3949,0,270.7,0,0,0,234.3,0,0,234,224,10,0,0,0,5,5
30,586,5616,626901,0,0,VILLAGE,Rachol,Rural,272,1686,,D,Rachol,272,1686,0,105.1,0,0,0,5.4,0,0,161.5,161.5,0,0,0,0,0,0
30,585,5613,626767,0,0,VILLAGE,Ravona,Rural,554.23,1165,,D,Querim,4147.5,5713,52.16,20.89,0,0,0,37.63,20,10,413.55,190,223.55,180.55,43,0,0,0
30,585,5610,626664,0,0,VILLAGE,Revora,Rural,793.81,2630,,C,Revora,793.81,2630,245.44,7.24,0,0,247.28,114.61,0,0,179.24,179.24,0,0,0,0,0,0
30,585,5613,626781,0,0,VILLAGE,Rivem,Rural,891.62,154,,D,Dongurli- Thane,6901.66,5488,0,17.84,0,0,0,339.14,105.24,95.24,334.16,330.1,4.06,0,4.06,0,0,0
30,586,5618,627014,0,0,VILLAGE,Rivona,Rural,3582,3621,,C,Rivona,5411,5452,1338.8,590.1,0,0,0,393.1,0,0,1260,980,280,80,50,0,10,140
30,586,5618,626985,0,0,VILLAGE,Rumbrem,Rural,384,646,,D,Sanvordem(CT),2558,7804,0,55,0,0,0,79,0,0,250,250,0,0,0,0,0,0
30,586,5618,627002,0,0,VILLAGE,Salauli,Rural,1466,0,,D,Uguem,6309,4733,0,0,0,0,0,0,0,0,0,0,0,0,0,0,0,0
30,585,5613,626787,0,0,VILLAGE,Saleli,Rural,838.34,984,,D,Onda,2517.06,9014,0,179.59,0,0,0,238.75,90.4,40.3,289.3,289.11,0.19,0,0,0,0,0.19
30,585,5612,626743,0,0,VILLAGE,Salem,Rural,1069.53,3427,,C,Salem,1069.53,3427,0,55,81,380,20,25,12,8,488.53,439.53,49,36,13,0,0,0
30,586,5618,626972,0,0,VILLAGE,Sancordem,Rural,2117,1233,,D,Sancordem,10182,4114,1207.6,220,0,0,0,344,0,0,345.4,300,45.4,0,22.9,0,0,22.5
30,586,5618,626979,0,0,VILLAGE,Sangod,Rural,1603,1083,,D,Molem,5268,2798,482.9,140.5,0,0,0,547.4,0,0,432.2,380.7,51.5,20,14,0,0,17.5
30,585,5610,626688,0,0,VILLAGE,Sangolda,Rural,339.29,4429,,C,Sangolda,339.29,4429,41.12,42.27,0,0,45.26,65.5,0,0,145.14,145.14,0,0,0,0,0,0
30,586,5618,626987,0,0,VILLAGE,Santona,Rural,892,1403,,D,Sanvordem(CT),2558,7804,0,548,0,0,0,131,0,0,213,210,3,0,0,0,0,3
30,585,5613,626824,0,0,VILLAGE,Sanvorcem,Rural,234.74,495,,D,Birondem,2016.11,4101,0,6,18.16,0,135.29,41.75,2.5,6,25.04,25.04,0,0,0,0,0,0
30,585,5613,626816,0,0,VILLAGE,Sanvordem,Rural,340.25,897,,D,Sanvordem,8157.53,3283,40.66,0,72.31,0,0,14.96,0,0,212.32,205.12,7.2,0,0,0,0,7.2
30,586,5615,626875,0,0,VILLAGE,Sao Jacinto Island,Rural,14.97,195,,D,Chicalim(CT),1975,13155,0,4.97,0,0,0,0,0,0,10,10,0,0,0,0,0,0
30,586,5615,626881,0,0,VILLAGE,Sao Jorge Island,Rural,94.32,0,,D,,,,0,0,0,0,0,0,0,0,0,0,0,0,0,0,0,0
30,585,5612,626751,0,0,VILLAGE,Sarvona,Rural,785.86,3586,,C,Carapur - Sarvona,1645.86,9086,0,143.87,128.39,6,15,10,10,5,467.6,427.2,40.4,20,10,0,0,10.4
30,586,5616,626914,0,0,VILLAGE,Sarzora,Rural,769,2270,,C,Sarzora,769,2270,0,0,151.2,0,0,242.7,0,0,375.1,302.5,72.6,0,0,72.6,0,0
30,585,5613,626805,0,0,VILLAGE,Satorem,Rural,196.31,221,,D,Nagargaon,10172.57,4652,0,1.36,7.55,0,0,18.98,1.25,3.45,163.72,155.79,7.93,1.56,3.89,0,0,2.48
30,585,5613,626778,0,0,VILLAGE,Satrem,Rural,2226.01,176,,D,Nagargaon,10172.57,4652,2190.94,0.36,13.48,0,0,0.83,2.8,0.84,16.76,9.12,7.64,4.48,2.17,0,0,0.99
30,585,5614,626846,0,0,VILLAGE,Savoi-Verem,Rural,928.62,3187,,C,Savoi-Verem-Vagorbem,1287.49,3714,0,0,0,0,0,134.85,243.57,0,550.2,435.62,114.58,0,18.15,96.43,0,0
30,586,5616,626899,0,0,VILLAGE,Seraulim,Rural,271,3250,,C,Seraulim,387,3998,0,13.8,0,0,0,2.8,0,0,254.4,233.1,21.3,0,0,0,0,21.3
30,586,5616,626905,0,0,VILLAGE,Sernabatim,Rural,184,1548,,D,Colva,608,6987,0,35.8,0,0,0,12.9,0,0,135.3,122.1,13.2,0,0,0,0,13.2
30,586,5618,626978,0,0,VILLAGE,Sigao,Rural,2259,1724,,D,Colem,10453,6006,1000.4,480.6,0,0,0,309.3,0,0,468.7,450.2,18.5,8.5,0,0,0,10
30,585,5613,626795,0,0,VILLAGE,Sigonem,Rural,328.84,189,,D,Nagargaon,10172.57,4652,110.14,1.2,5.64,0,0,20.78,2.62,1.38,187.08,177.48,9.6,3.81,4.82,0,0,0.97
30,586,5618,627017,0,0,VILLAGE,Sigonem,Rural,2002,0,,D,Bati,12894,3283,1984.2,7.6,0,0,0,10.2,0,0,0,0,0,0,0,0,0,0
30,585,5613,626834,0,0,VILLAGE,Siranguli,Rural,297.79,80,,D,Cotorem,3993.35,4102,130.12,1.15,7.15,0,8,8.57,3.07,8.92,130.81,128.42,2.39,0,1.89,0,0,0.5
30,585,5610,626669,0,0,VILLAGE,Sircaim,Rural,377,2850,,C,Sircaim,377,2850,0,7.82,0.56,0,0,82.85,0,0,285.77,282.21,3.56,0,1.14,2.42,0,0
30,585,5611,626724,0,0,VILLAGE,Siridao,Rural,669.66,2417,,C,Siridao - Pale,669.66,2417,0,500.43,0,0,0,8.43,0,0,160.8,158.7,2.1,0,0,2.1,0,0
30,585,5612,626746,0,0,VILLAGE,Sirigao,Rural,286.91,1617,,D,Sirigao,286.91,1617,0,0,203.91,13,6,4,22,8,30,20,10,0,0,2,0,8
30,586,5616,626915,0,0,VILLAGE,Sirlim,Rural,186,845,,D,Sirlim,724,4286,0,32.4,0,0,0,8.4,0,0,145.2,142.7,2.5,0,0,0,0,2.5
30,585,5614,626863,0,0,VILLAGE,Siroda,Rural,3695.8,14041,,A,Siroda,3695.8,14041,355.3,0,0,0,0,459.35,684.59,0,2196.56,213.5,1983.06,0,900.06,1083,0,0
30,585,5613,626769,0,0,VILLAGE,Siroli,Rural,353.8,663,,D,Querim,4147.5,5713,117.5,6.39,0,0,0,2.78,8.13,4,215,80,135,85,50,0,0,0
30,585,5613,626835,0,0,VILLAGE,Sirsodem,Rural,248.1,245,,D,Cotorem,3993.35,4102,154,5.08,3.47,0,4.18,0,6.14,12.23,63,63,0,0,0,0,0,0
30,586,5617,626941,0,0,VILLAGE,Sirvoi,Rural,1200,1129,,D,Xeldem(CT),2200,8563,307.2,95.5,0,0,0,485.3,0,0,312,300,12,7,0,0,0,5
30,585,5613,626817,0,0,VILLAGE,Sonal,Rural,306.91,430,,D,Sanvordem,8157.53,3283,0,0,27.58,0,0,147.69,0,0,131.64,111.8,19.84,0,0,0,0,19.84
30,586,5618,626989,0,0,VILLAGE,Sonauli,Rural,2584,63,,D,Colem,10453,6006,1880.7,99,0,0,0,572.8,0,0,31.5,30.5,1,0,0,0,0,1
30,585,5613,626810,0,0,VILLAGE,Sonus-Vonvoliem,Rural,474.12,764,,D,Onda,2517.06,9014,54.97,107.9,0,0,0,0.05,75.85,40.3,195.05,187.82,7.23,0,0,0,0,7.23
30,586,5617,626965,0,0,VILLAGE,Sulcorna,Rural,1153,594,,D,Cavorem,7640,3508,3.9,53.5,0,0,0,790.55,0,0,305.05,205,100.05,0,10,0,90.05,0
30,585,5613,626777,0,0,VILLAGE,Surla,Rural,1693.64,460,,D,Dongurli- Thane,6901.66,5488,1346.68,38.41,0,0,0,5.74,20.25,8.24,59.45,48.72,10.73,0,6.7,4.03,0,0
30,586,5618,626974,0,0,VILLAGE,Surla,Rural,1478.77,1109,,D,Sancordem,10182,4114,5771.9,110,0,0,0,423,0,0,115.1,108.6,6.5,2.5,1.9,0,0,2.1
30,585,5612,626761,0,0,VILLAGE,Surla,Rural,6420,3818,,C,Surla,1693.64,3818,6.84,8,717,300.8,7,5,11,4,634,564,70,0,0,0,0,70
30,585,5611,626716,0,0,VILLAGE,Talaulim,Rural,429.98,972,,D,Curca -Bambolim -Talaulim,1778.86,10816,0,110.93,0,0,0,21,0,0,298.05,295,3.05,0,0,0,0,3.05
30,586,5616,626907,0,0,VILLAGE,Talaulim,Rural,493,2911,,C,Talaulim,493,2911,0,80.6,0,0,0,25.4,0,0,386.8,364.6,22.2,0,0,0,0,22.2
30,585,5609,626645,0,0,VILLAGE,Tamboxem,Rural,153.62,591,,D,Tamboxern Mopa Uguem,1372.25,2806,32.32,29.48,0,0,0,23.17,0,0,68.65,66.69,1.96,0,0,0,0,1.96
30,585,5614,626857,0,0,VILLAGE,Telaulim,Rural,246,2554,,C,Vadi-Telaulim,407.01,3060,0,0,0,0,0,31.2,0,112.1,102.7,76,26.7,0,26.7,0,0,0
30,586,5617,626954,0,0,VILLAGE,Tiloi,Rural,686,588,,D,Bali,3895,7415,172.3,25,0,0,0,117.9,0,0,370.8,350.7,20.1,0,10,0,10.1,0
30,585,5609,626635,0,0,VILLAGE,Tiracol,Rural,200.89,205,,D,Querim-Tiracol,606.1,3243,2.44,88.28,0,0,0,19.35,0,0,90.82,90.35,0.47,0,0,0,0,0.47
30,585,5610,626670,0,0,VILLAGE,Tivim,Rural,1937.01,9076,,A,Tivim,1937.01,9076,0,104.44,523.15,0,40.86,536.99,716.45,0,15.12,15.12,0,0,0,0,0,0
30,585,5614,626843,0,0,VILLAGE,Tivrem,Rural,210,1878,,D,Tivrem-Orgao,560,6480,0,0,0,0,0,30.24,50.34,6,123.42,83.57,39.85,0,0,0,0,39.85
30,585,5609,626646,0,0,VILLAGE,Torxem,Rural,995.71,2405,,C,Torxem,995.71,2405,45.37,241.55,0,0,0,135.34,0,0,573.45,546.95,26.5,0,0,0,0,26.5
30,586,5618,627004,0,0,VILLAGE,Tudou,Rural,1295,35,,D,Bati,12894,3283,741.8,135.1,0,0,0,154.5,0,0,263.6,250.5,13.1,0,0,0,0,13.1
30,585,5609,626655,0,0,VILLAGE,Tuem,Rural,1523.44,2751,,C,Pernem,2208.55,6639,0,460.13,0,0,0,37.62,0,0,1025.69,1017.79,7.9,0,0,0,0,7.9
30,585,5610,626681,0,0,VILLAGE,Ucassaim,Rural,263.65,1077,,D,Ucassaim Paliem Punola,469.04,3318,13.57,9.01,0,0,23.64,94.6,0,0,122.83,122.83,0,0,0,0,0,0
30,585,5609,626644,0,0,VILLAGE,Uguem,Rural,343.26,1133,,D,Tamboxern Mopa Uguem,1372.25,2806,0,47.46,0,0,0,78.42,0,0,217.38,198.35,19.03,0,0,0,0,19.03
30,586,5618,627003,0,0,VILLAGE,Uguem,Rural,1675,2557,,C,Uguem,6309,4733,256.5,291.2,0,0,0,465.1,0,0,662.2,650,12.2,0,2.2,0,0,10
30,586,5617,626944,0,0,VILLAGE,Undorna,Rural,526,176,,D,Molcornem,2373,2887,70,235.2,0,0,0,89.8,0,0,131,105,26,0,6,0,0,20
30,585,5613,626800,0,0,VILLAGE,Ustem,Rural,456.08,346,,D,Nagargaon,10172.57,4652,63.4,0.89,6.39,0,0,7.61,4.48,5.52,367.79,310,57.79,24,23.76,0,0,10.03
30,586,5616,626893,0,0,VILLAGE,Utorda,Rural,314,2018,,C,Majorda,917,6570,0,35,0,0,0,1.9,0,0,277.1,270.2,6.9,0,0,0,0,6.9
30,585,5614,626858,0,0,VILLAGE,Vadi,Rural,161.01,506,,D,Vadi-Telaulim,407.01,3060,0,0,0,0,0,38.62,0,59.59,62.8,56.3,6.5,0,6.5,0,0,0
30,585,5614,626851,0,0,VILLAGE,Vagurbem,Rural,358.87,527,,D,Savoi-Verem-Vagorbem,1287.49,3714,0,0,0,0,0,110.72,126.84,0,121.31,101.9,19.41,0,0,19.41,0,0
30,585,5613,626811,0,0,VILLAGE,Vaguriem,Rural,311.35,255,,D,Pissurlem,2247.46,3287,20.8,9.1,0,0,0,0,5,2.2,274.25,273.4,0.85,0.85,0,0,0,0
30,585,5612,626753,0,0,VILLAGE,Vainguinim,Rural,67.81,706,,D,Maem,2239.82,8717,0,0,12.87,8.61,2,0,0,0,44.33,42.33,2,0,0,2,0,0
30,585,5613,626798,0,0,VILLAGE,Vainguinim,Rural,888.77,32,,D,Nagargaon,10172.57,4652,856.78,0.2,2.35,0,0,0.94,3.38,1.68,23.44,20.54,2.9,1.89,0.45,0,0,0.56
30,586,5616,626898,0,0,VILLAGE,Vanelim,Rural,99,1860,,D,Colva,608,6987,0,3.4,0,0,0,0.3,0,0,95.3,90.5,4.8,0,0,0,0,4.8
30,585,5613,626827,0,0,VILLAGE,Vantem,Rural,592.63,1678,,D,Birondem,2016.11,4101,0,6.24,56.58,0,400.94,39.37,9.5,10.9,69.1,34.34,34.76,30.76,0,0,0,4
30,585,5609,626642,0,0,VILLAGE,Varconda,Rural,1126.9,2208,,C,Varconda,1126.9,2208,0,189.28,0,0,0,354.51,0,0,583.11,493.47,89.64,0,0,0,0,89.64
30,585,5613,626822,0,0,VILLAGE,Velguem,Rural,324.24,1310,,D,Cotorem,3993.35,4102,261.76,9.78,29.98,0,7.05,126.3,17.1,11.07,189.31,166.93,22.38,11.3,0,2.02,0,9.06
30,585,5612,626762,0,0,VILLAGE,Velguem,Rural,652.35,2617,,C,Velguem,324.24,2617,110.52,12,71,31.72,22,13,16,10,38,31,7,0,4,3,0,0
30,586,5616,626921,0,0,VILLAGE,Velim,Rural,814,5955,,B,Velim,814,5955,0,214,0,0,0,73,0,0,527,435,92,92,0,0,0,0
30,585,5614,626854,0,0,VILLAGE,Velinga,Rural,315,1921,,D,Velinga-Priol-Cuncoliem,2224,11470,0,0,0,0,0,48,90,0,177,113,64,0,30,34,0,0
30,586,5615,626882,0,0,VILLAGE,Velsao,Rural,161.83,1520,,D,Velsao,676,4351,0,62.83,0,0,0,4,7,0,88,66,22,0,15,7,0,0
30,585,5610,626676,0,0,VILLAGE,Verla,Rural,354.35,3685,,C,"Verla,",435.44,7236,5.32,3.67,17.71,0,32.09,55.18,134.75,0,105.63,92.31,13.32,0,13.32,0,0,0
30,586,5618,627020,0,0,VILLAGE,Verlem,Rural,5413,568,,D,Netorli,11179,3552,366,1044.3,0,0,0,3926.69,0,0,76.01,70,6.01,0,1,0,0,5.01
30,586,5618,627016,0,0,VILLAGE,Vichundrem,Rural,911,775,,D,Netorli,11179,3552,623.2,10.8,0,0,0,73,0,0,204,195,9,0,1,2,0,6
30,586,5618,627008,0,0,VILLAGE,Viliena,Rural,406,540,,D,Bati,12894,3283,162,12,0,0,47,0,0,0,185,160,25,0,0,0,0,25
30,585,5609,626654,0,0,VILLAGE,Virnora,Rural,389.04,1386,,D,Virnora Pernem(R),2208.55,6639,0,100.67,0,0,0,71.5,0,0,216.87,174.59,42.28,0,0,0,0,42.28
30,585,5614,626845,0,0,VILLAGE,Volvoi,Rural,135.14,1842,,D,Volvoi,135.14,1842,0,0,0,0,0,7.54,38.29,0,89.31,64.36,24.95,0,0,24.95,0,0
30,585,5613,626794,0,0,VILLAGE,Xelopo-Buzruco,Rural,192.3,244,,D,Nagargaon,10172.57,4652,41.23,1.43,0.66,0,0,27.08,6.64,4.85,110.41,93.67,16.74,8.47,3.81,0,0,4.46
30,585,5613,626833,0,0,VILLAGE,Xelopo-Curdo,Rural,451.87,252,,D,Cotorem,3993.35,4102,155.83,3.04,52.4,0,39.1,0,19.23,22.17,160.1,160.1,0,0,0,0,0,0
30,586,5618,627001,0,0,VILLAGE,Xelpem,Rural,451,255,,D,Uguem,6309,4733,98.3,214,0,0,0,55.7,0,0,83,78,5,2,0,0,0,3
30,586,5617,626936,0,0,VILLAGE,Xelvona,Rural,213,1725,,D,Assolda,740,3676,0,67,0,0,0,40.5,0,0,105.5,75,30.5,20,0,0,0,10.5
30,586,5617,626935,0,0,VILLAGE,Xic-Xelvona,Rural,115,125,,D,Assolda,740,3676,0,19.5,0,0,0,20.5,0,0,75,50,25,17,0,0,0,8
30,586,5617,626943,0,0,VILLAGE,Zanodem,Rural,365,272,,D,Molcornem,2373,2887,0,27.8,0,0,0,72.2,0,0,265,240,25,0,15,0,0,10
30,585,5613,626799,0,0,VILLAGE,Zarani,Rural,771.78,0,,D,Nagargaon,10172.57,4652,722.62,0,37.85,0,0,0,0.35,0.2,10.76,10.76,0,0,0,0,0,0
30,585,5613,626788,0,0,VILLAGE,Zormen,Rural,726.3,635,,D,Mauzi,2796.33,4080,459.5,59.36,0,0,0,1.29,20,7,179.15,178.88,0.27,0.27,0,0,0,0
30,585,5610,626704,0,0,TOWN,Aldona (CT),Urban,804,6270,VP,V,Aldona,1519.37,9518,,,,,,,,,,,,,,,,
30,585,5610,626694,0,0,TOWN,Anjuna (CT),Urban,1300,9636,VP,V,"Anjuna, Caisua",1300,9636,,,,,,,,,,,,,,,,
30,586,5616,626929,0,0,TOWN,Aquem (CT),Urban,170,6511,VP,V,"Aquem-
Baixo(CT)",170,6511,,,,,,,,,,,,,,,,
30,585,5609,626658,0,0,TOWN,Arambol (CT),Urban,966,5322,VP,V,Arambol,966,5322,,,,,,,,,,,,,,,,
30,585,5611,626733,0,0,TOWN,Bambolim (CT),Urban,760,6885,VP,V,Curca -Bambolim -Talaulim,1778.86,10816,,,,,,,,,,,,,,,,
30,585,5614,626869,0,0,TOWN,Bandora (CT),Urban,1230,12722,VP,IV,Bandora,1230,12722,,,,,,,,,,,,,,,,
30,586,5616,626931,0,0,TOWN,Benaulim (CT),Urban,1020,11919,VP,IV,Cana,1083,12627,,,,,,,,,,,,,,,,
30,585,5612,803244,0,0,TOWN,Bicholim (M Cl),Urban,1450,16986,MCI,IV,,,,,,,,,,,,,,,,,,,
30,585,5614,626872,0,0,TOWN,Borim (CT),Urban,1530,8257,VP,V,Borim,1530,8257,,,,,,,,,,,,,,,,
30,585,5610,626695,0,0,TOWN,Calangute (CT),Urban,1172,13810,VP,IV,Calangute,1172,13810,,,,,,,,,,,,,,,,
30,585,5611,626732,0,0,TOWN,Calapor (CT),Urban,980,14077,VP,IV,St. Cruz,980,15306,,,,,,,,,,,,,,,,
30,586,5619,803254,0,0,TOWN,Canacona (M Cl),Urban,1870,12434,MCI,IV,,,,,,,,,,,,,,,,,,,
30,585,5614,626865,0,0,TOWN,Candola (CT),Urban,852,5354,VP,V,Betqui-Candola,1481,7061,,,,,,,,,,,,,,,,
30,585,5610,626697,0,0,TOWN,Candolim (CT),Urban,696,8500,VP,V,Candolim,696,8500,,,,,,,,,,,,,,,,
30,585,5612,626763,0,0,TOWN,Carapur (CT),Urban,860,5500,VP,V,Carapur - Sarvona,1645.86,9086,,,,,,,,,,,,,,,,
30,586,5615,626885,0,0,TOWN,Chicalim (CT),Urban,1219,6933,VP,V,Chicalim(CT),1975,13155,,,,,,,,,,,,,,,,
30,585,5611,626730,0,0,TOWN,Chimbel (CT),Urban,330,15289,VP,IV,Chimbel,1010,16812,,,,,,,,,,,,,,,,
30,586,5616,626933,0,0,TOWN,Chinchinim (CT),Urban,920,6908,VP,V,Chinchinim(CT),1190,8387,,,,,,,,,,,,,,,,
30,585,5610,626691,0,0,TOWN,Colvale (CT),Urban,1072,4818,VP,VI,Colvale,1072,4818,,,,,,,,,,,,,,,,
30,585,5611,626729,0,0,TOWN,Corlim (CT),Urban,570,6568,VP,V,Corlim,570,6568,,,,,,,,,,,,,,,,
30,586,5615,626887,0,0,TOWN,Cortalim (CT),Urban,833,9080,VP,V,Cortalim(CT),1898,12342,,,,,,,,,,,,,,,,
30,585,5611,626728,0,0,TOWN,Cumbarjua (CT),Urban,240,4917,VP,VI,Cumbarjua,374.04,5218,,,,,,,,,,,,,,,,
30,586,5616,803250,0,0,TOWN,Cuncolim (M Cl),Urban,2870,16623,MCI,IV,,,,,,,,,,,,,,,,,,,
30,586,5617,803252,0,0,TOWN,Curchorem-Cacora (M Cl),Urban,2260,22730,MCI,III,,,,,,,,,,,,,,,,,,,
30,585,5614,626870,0,0,TOWN,Curti (CT),Urban,770,16385,VP,IV,Curti-Cadepar,1881,20153,,,,,,,,,,,,,,,,
30,586,5616,626926,0,0,TOWN,Curtorim (CT),Urban,1736,12886,VP,IV,Curtorim,1736,12886,,,,,,,,,,,,,,,,
30,586,5616,626928,0,0,TOWN,Davorlim (CT),Urban,330,15350,VP,IV,Davorlim(CT),325,18407,,,,,,,,,,,,,,,,
30,585,5611,626734,0,0,TOWN,Goa Velha (CT),Urban,1010,4322,VP,VI,St. Andre (Goa Velha),1010,4322,,,,,,,,,,,,,,,,
30,585,5610,626693,0,0,TOWN,Guirim (CT),Urban,403,5036,VP,V,Guirim,403,5036,,,,,,,,,,,,,,,,
30,585,5611,626727,0,0,TOWN,Jua (CT),Urban,830,4134,VP,VI,St. Estevam,830,4134,,,,,,,,,,,,,,,,
30,585,5609,626659,0,0,TOWN,Mandrem (CT),Urban,1959,8336,VP,V,Mandrem,1959,8336,,,,,,,,,,,,,,,,
30,585,5610,803242,0,0,TOWN,Mapusa (M Cl),Urban,1132,39989,MCI,III,,,,,,,,,,,,,,,,,,,
30,585,5614,626867,0,0,TOWN,Marcaim (CT),Urban,1250,6215,VP,V,Marcaim,1250,6215,,,,,,,,,,,,,,,,
30,586,5616,803249,0,0,TOWN,Margao (M Cl),Urban,1510,87650,MCI,II,,,,,,,,,,,,,,,,,,,
30,585,5611,626735,0,0,TOWN,Mercurim (CT),Urban,260,4970,VP,VI,St.Lawerence(Agassaim),260,4970,,,,,,,,,,,,,,,,
30,585,5610,626692,0,0,TOWN,Moira (CT),Urban,389,4299,VP,VI,Moira,389,4299,,,,,,,,,,,,,,,,
30,585,5609,626661,0,0,TOWN,Morjim (CT),Urban,997,6760,VP,V,Parcem,997,6760,,,,,,,,,,,,,,,,
30,586,5615,803248,0,0,TOWN,Mormugao (M Cl),Urban,2736,94393,MCI,II,,,,,,,,,,,,,,,,,,,
30,585,5611,626731,0,0,TOWN,Murda (CT),Urban,190,7517,VP,V,Merces,330,16812,,,,,,,,,,,,,,,,
30,586,5616,626930,0,0,TOWN,Navelim (CT),Urban,530,12323,VP,IV,Navelim(CT),530,12323,,,,,,,,,,,,,,,,
30,585,5610,626698,0,0,TOWN,Nerul (CT),Urban,985,5042,VP,V,Nerul,985,5042,,,,,,,,,,,,,,,,
30,586,5616,626924,0,0,TOWN,Nuvem (CT),Urban,1100,9288,VP,V,Nuvem(CT),1100,9288,,,,,,,,,,,,,,,,
30,585,5613,626842,0,0,TOWN,Onda (CT),Urban,793,5863,VP,V,Onda,2517.06,9014,,,,,,,,,,,,,,,,
30,585,5614,626866,0,0,TOWN,Orgao (CT),Urban,350,4602,VP,VI,Tivrem-Orgao,560,6480,,,,,,,,,,,,,,,,
30,585,5612,626764,0,0,TOWN,Pale (CT),Urban,1350,6043,VP,V,Pale - Cotombi,1716.78,6634,,,,,,,,,,,,,,,,
30,585,5611,803243,0,0,TOWN,Panaji (M Corp.),Urban,2101,40017,MCI,II,Panaji,980,15306,,,,,,,,,,,,,,,,
30,585,5609,626660,0,0,TOWN,Parcem (CT),Urban,1044,4627,VP,VI,Parcem,1044,4627,,,,,,,,,,,,,,,,
30,585,5610,626701,0,0,TOWN,Penha-de-Franca (CT),Urban,542,15342,VP,IV,Penha-de-Franca,542,15342,,,,,,,,,,,,,,,,
30,585,5609,803241,0,0,TOWN,Pernem (M Cl),Urban,252,5021,MCI,V,,,,,,,,,,,,,,,,,,,
30,585,5610,626700,0,0,TOWN,Pilerne (CT),Urban,654,5827,VP,V,Pilerne - Marra,980.56,7815,,,,,,,,,,,,,,,,
30,585,5614,803247,0,0,TOWN,Ponda (M Cl),Urban,520,22664,MCI,III,,,,,,,,,,,,,,,,,,,
30,585,5614,626868,0,0,TOWN,Priol (CT),Urban,1392,8164,VP,V,Velinga-Priol-Cuncoliem,2224,11470,,,,,,,,,,,,,,,,
30,585,5614,626871,0,0,TOWN,Quela (CT),Urban,540,6852,VP,V,Queula,540,6852,,,,,,,,,,,,,,,,
30,586,5617,803251,0,0,TOWN,Quepem (M Cl),Urban,1410,14795,MCI,IV,,,,,,,,,,,,,,,,,,,
30,586,5616,626925,0,0,TOWN,Raia (CT),Urban,1500,10706,VP,IV,Raia(CT),1500,10706,,,,,,,,,,,,,,,,
30,585,5610,626699,0,0,TOWN,Reis Magos (CT),Urban,761,8053,VP,V,Reis- Magos,761,8053,,,,,,,,,,,,,,,,
30,585,5610,626696,0,0,TOWN,Saligao (CT),Urban,586,6280,VP,V,Saligao,586,6280,,,,,,,,,,,,,,,,
30,585,5610,626702,0,0,TOWN,Salvador do Mundo (CT),Urban,1159,6373,VP,V,Salvador -do- Mundo,1159,6373,,,,,,,,,,,,,,,,
30,586,5615,626886,0,0,TOWN,Sancoale (CT),Urban,2348,21923,VP,III,Sancoale(CT),2348,21923,,,,,,,,,,,,,,,,
30,586,5618,803253,0,0,TOWN,Sanguem (M Cl),Urban,490,6444,MCI,V,,,,,,,,,,,,,,,,,,,
30,585,5612,803245,0,0,TOWN,Sanquelim (M Cl),Urban,1470,13651,MCI,IV,,,,,,,,,,,,,,,,,,,
30,586,5618,627021,0,0,TOWN,Sanvordem (CT),Urban,510,5103,VP,V,Sanvordem(CT),2558,7804,,,,,,,,,,,,,,,,
30,586,5616,626927,0,0,TOWN,Sao Jose de Areal (CT),Urban,1220,10229,VP,IV,"Sao Jose de
Areal(CT)",1220,10229,,,,,,,,,,,,,,,,
30,585,5610,626690,0,0,TOWN,Siolim (CT),Urban,1222,10936,VP,IV,Siolim- Sodiem,1222,10936,,,,,,,,,,,,,,,,
30,585,5610,626703,0,0,TOWN,Socorro (CT),Urban,1250,12908,VP,IV,Socorro (serula),1250,12908,,,,,,,,,,,,,,,,
30,585,5614,626873,0,0,TOWN,Usgao (CT),Urban,2540,12436,VP,IV,Usgao-Gangem,3084.05,12909,,,,,,,,,,,,,,,,
30,585,5613,803246,0,0,TOWN,Valpoi (M Cl),Urban,1170,8532,MCI,V,,,,,,,,,,,,,,,,,,,
30,586,5616,626932,0,0,TOWN,Varca (CT),Urban,820,5439,VP,V,Varca(CT),820,5439,,,,,,,,,,,,,,,,
30,586,5616,626923,0,0,TOWN,Verna (CT),Urban,1500,6632,VP,V,Verna(CT),1500,6632,,,,,,,,,,,,,,,,
30,586,5617,626969,0,0,TOWN,Xeldem (CT),Urban,1000,7434,VP,V,Xeldem(CT),2200,8563,,,,,,,,,,,,,,,,